judul,jenis_output,fungsi_folder,url_sumber,file_output,alasan
"Calendar of Event 2026 Resmi Diluncurkan, Palangka Raya Siap Hadirkan Event Unggulan Sepanjang Tahun",pdf_asli,deskriptif/event_pariwisata,https://disparbudpora.palangkaraya.go.id/wp-content/uploads/sites/39/2026/07/Calendar-Of-Event-2026.pdf,d:\Nurdin\Skripsi Sheila\knowledge\deskriptif/event_pariwisata\dokumen_asli_pdf\calendar_of_event_2026.pdf,raw_source_pdf
Data Kunjungan Wisatawan Tahun 2025 Kota Palangka Raya,pdf_asli,tabular/data_kunjungan_wisata,https://disparbudpora.palangkaraya.go.id/wp-content/uploads/sites/39/2026/02/Data-kunjungan-tahun-2025.pdf,d:\Nurdin\Skripsi Sheila\knowledge\tabular/data_kunjungan_wisata\dokumen_asli_pdf\data_kunjungan_tahun_2025.pdf,raw_source_pdf
Bangunan Cagar Budaya Gedung 1 pada SMPN 1 Palangka Raya,pdf_asli,deskriptif/budaya_dan_cagar_budaya,https://disparbudpora.palangkaraya.go.id/wp-content/uploads/sites/39/2026/02/CB-Gedung-1-pada-SMPN-1-Palangka-Raya.pdf,d:\Nurdin\Skripsi Sheila\knowledge\deskriptif/budaya_dan_cagar_budaya\dokumen_asli_pdf\cb_gedung_1_pada_smpn_1_palangka_raya.pdf,raw_source_pdf
Cagar Budaya Tiang Sandung Bawi Kuwu (Jihi Sandung Bawi Kuwu) Tumbang Rakumpit,pdf_asli,deskriptif/budaya_dan_cagar_budaya,https://disparbudpora.palangkaraya.go.id/wp-content/uploads/sites/39/2026/02/CB-Tiang-Sandung-Bawi-Kuwu.pdf,d:\Nurdin\Skripsi Sheila\knowledge\deskriptif/budaya_dan_cagar_budaya\dokumen_asli_pdf\cb_tiang_sandung_bawi_kuwu.pdf,raw_source_pdf
Cagar Budaya Bangunan Gedung 1 pada SDN 1 Langkai,pdf_asli,deskriptif/artikel_dan_berita_pariwisata,https://disparbudpora.palangkaraya.go.id/wp-content/uploads/sites/39/2026/02/CB-Gedung-1-pada-SDN-1-Langkai.pdf,d:\Nurdin\Skripsi Sheila\knowledge\deskriptif/artikel_dan_berita_pariwisata\dokumen_asli_pdf\cb_gedung_1_pada_sdn_1_langkai.pdf,raw_source_pdf
Bangunan Cagar Budaya Rumah Demetrius Runjan (Huma Demetrius Runjan),pdf_asli,deskriptif/artikel_dan_berita_pariwisata,https://disparbudpora.palangkaraya.go.id/wp-content/uploads/sites/39/2026/02/CB-Rumah-Demetrius-Runjan.pdf,d:\Nurdin\Skripsi Sheila\knowledge\deskriptif/artikel_dan_berita_pariwisata\dokumen_asli_pdf\cb_rumah_demetrius_runjan.pdf,raw_source_pdf
Bangunan Cagar Budaya Rumah Tugu Tuah (Huma Tugu Tuah),pdf_asli,deskriptif/artikel_dan_berita_pariwisata,https://disparbudpora.palangkaraya.go.id/wp-content/uploads/sites/39/2026/02/CB-Rumah-Tugu-Tuah.pdf,d:\Nurdin\Skripsi Sheila\knowledge\deskriptif/artikel_dan_berita_pariwisata\dokumen_asli_pdf\cb_rumah_tugu_tuah.pdf,raw_source_pdf
Data Wisata Sandung Bawi Kuwu,pdf_asli,tabular/lainnya,https://disparbudpora.palangkaraya.go.id/wp-content/uploads/sites/39/2025/12/Data-Sandung-Bawi-Kuwu.pdf,d:\Nurdin\Skripsi Sheila\knowledge\tabular/lainnya\dokumen_asli_pdf\data_sandung_bawi_kuwu.pdf,raw_source_pdf
Data Travel Agen Kota Palangka Raya 2024,pdf_asli,tabular/lainnya,https://disparbudpora.palangkaraya.go.id/wp-content/uploads/sites/39/2025/11/Data-Travel-Agent-2024-update.pdf,d:\Nurdin\Skripsi Sheila\knowledge\tabular/lainnya\dokumen_asli_pdf\data_travel_agent_2024_update.pdf,raw_source_pdf
Data Rumah Makan dan Resto Palangka Raya 2024,pdf_asli,tabular/direktori_restoran_dan_rumah_makan,https://disparbudpora.palangkaraya.go.id/wp-content/uploads/sites/39/2025/11/Data-Rmah-Makan-dan-Restoran-2024.pdf,d:\Nurdin\Skripsi Sheila\knowledge\tabular/direktori_restoran_dan_rumah_makan\dokumen_asli_pdf\data_rmah_makan_dan_restoran_2024.pdf,raw_source_pdf
Data Obyek Wisata Kota Palangka Raya Update 2024,pdf_asli,tabular/lainnya,https://disparbudpora.palangkaraya.go.id/wp-content/uploads/sites/39/2025/10/Data-Obyek-Wisata-2024.pdf,d:\Nurdin\Skripsi Sheila\knowledge\tabular/lainnya\dokumen_asli_pdf\data_obyek_wisata_2024.pdf,raw_source_pdf
RUNDOWN RAWA FEST ECOTOURISM 2025,pdf_asli,deskriptif/event_pariwisata,https://disparbudpora.palangkaraya.go.id/wp-content/uploads/sites/39/2025/09/RUNDOWN_Rawa-Fest-Ecotourism-18-21-Sep-2025.docx.pdf,d:\Nurdin\Skripsi Sheila\knowledge\deskriptif/event_pariwisata\dokumen_asli_pdf\rundown_rawa_fest_ecotourism_18_21_sep_2025_docx.pdf,raw_source_pdf
Dinas Pariwisata dan OPD Palangka Raya Kompak Jaga Kebersihan Kota,pdf_asli,deskriptif/artikel_dan_berita_pariwisata,https://disparbudpora.palangkaraya.go.id/wp-content/uploads/sites/39/2025/08/Surat-Edaran-Bersih-Bersih-Kota-28-Agustus-2052.pdf,d:\Nurdin\Skripsi Sheila\knowledge\deskriptif/artikel_dan_berita_pariwisata\dokumen_asli_pdf\surat_edaran_bersih_bersih_kota_28_agustus_2052.pdf,raw_source_pdf
Data Cagar Budaya Kota Palangka Raya,pdf_asli,tabular/data_cagar_budaya,https://disparbudpora.palangkaraya.go.id/wp-content/uploads/sites/39/2025/10/Data-CB-2024-1.pdf,d:\Nurdin\Skripsi Sheila\knowledge\tabular/data_cagar_budaya\dokumen_asli_pdf\data_cb_2024_1.pdf,raw_source_pdf
Direktori Sanggar di Kota Palangka Raya,pdf_asli,tabular/direktori_sanggar,https://disparbudpora.palangkaraya.go.id/wp-content/uploads/sites/39/2022/02/DATA-SANGGAR-DI-KOTA-PALANGKA-RAYA.pdf,d:\Nurdin\Skripsi Sheila\knowledge\tabular/direktori_sanggar\dokumen_asli_pdf\data_sanggar_di_kota_palangka_raya.pdf,raw_source_pdf
Data Kunjungan Wisatawan 2025,pdf_asli,tabular/data_kunjungan_wisata,https://disparbudpora.palangkaraya.go.id/wp-content/uploads/sites/39/2026/02/Data-kunjungan-tahun-2025.pdf,d:\Nurdin\Skripsi Sheila\knowledge\tabular/data_kunjungan_wisata\dokumen_asli_pdf\data_kunjungan_tahun_2025.pdf,raw_source_pdf
DATA KUNJUNGAN WISATA 2024,pdf_ringkasan,tabular/data_kunjungan_wisata,https://disparbudpora.palangkaraya.go.id/data-kunjungan-wisata-2024/,d:\Nurdin\Skripsi Sheila\knowledge\tabular/data_kunjungan_wisata\data_kunjungan_wisata_2024.pdf,tabular_prefers_csv
DATA KUNJUNGAN WISATA 2023,pdf_ringkasan,tabular/data_kunjungan_wisata,https://disparbudpora.palangkaraya.go.id/data-kunjungan-wisata-2023/,d:\Nurdin\Skripsi Sheila\knowledge\tabular/data_kunjungan_wisata\data_kunjungan_wisata_2023.pdf,tabular_prefers_csv
DATA KUNJUNGAN WISATA 2022,pdf_ringkasan,tabular/data_kunjungan_wisata,https://disparbudpora.palangkaraya.go.id/data-kunjungan-wisata-2022/,d:\Nurdin\Skripsi Sheila\knowledge\tabular/data_kunjungan_wisata\data_kunjungan_wisata_2022.pdf,tabular_prefers_csv
DATA KUNJUNGAN WISATA,pdf_ringkasan,tabular/data_kunjungan_wisata,https://disparbudpora.palangkaraya.go.id/data-kunjungan-wisata/,d:\Nurdin\Skripsi Sheila\knowledge\tabular/data_kunjungan_wisata\data_kunjungan_wisata.pdf,tabular_prefers_csv
DATA KUNJUNGAN WISATA 2016,pdf_ringkasan,tabular/data_kunjungan_wisata,https://disparbudpora.palangkaraya.go.id/data-kunjungan-wisata-2016/,d:\Nurdin\Skripsi Sheila\knowledge\tabular/data_kunjungan_wisata\data_kunjungan_wisata_2016.pdf,tabular_prefers_csv
DATA KUNJUNGAN WISATA 2017,pdf_ringkasan,tabular/data_kunjungan_wisata,https://disparbudpora.palangkaraya.go.id/data-kunjungan-wisata-2017/,d:\Nurdin\Skripsi Sheila\knowledge\tabular/data_kunjungan_wisata\data_kunjungan_wisata_2017.pdf,tabular_prefers_csv
DATA KUNJUNGAN WISATA 2020,pdf_ringkasan,tabular/data_kunjungan_wisata,https://disparbudpora.palangkaraya.go.id/data-kunjungan-wisata-2020/,d:\Nurdin\Skripsi Sheila\knowledge\tabular/data_kunjungan_wisata\data_kunjungan_wisata_2020.pdf,tabular_prefers_csv
DATA KUNJUNGAN WISATA 2021,pdf_ringkasan,tabular/data_kunjungan_wisata,https://disparbudpora.palangkaraya.go.id/data-kunjungan-wisata-2021/,d:\Nurdin\Skripsi Sheila\knowledge\tabular/data_kunjungan_wisata\data_kunjungan_wisata_2021.pdf,tabular_prefers_csv
DATA KUNJUNGAN WISATA 2019,pdf_ringkasan,tabular/data_kunjungan_wisata,https://disparbudpora.palangkaraya.go.id/data-kunjungan-wisata-2019/,d:\Nurdin\Skripsi Sheila\knowledge\tabular/data_kunjungan_wisata\data_kunjungan_wisata_2019.pdf,tabular_prefers_csv
DATA KUNJUNGAN WISATA 2018,pdf_ringkasan,tabular/data_kunjungan_wisata,https://disparbudpora.palangkaraya.go.id/data-kunjungan-wisata-2018/,d:\Nurdin\Skripsi Sheila\knowledge\tabular/data_kunjungan_wisata\data_kunjungan_wisata_2018.pdf,tabular_prefers_csv
OBYEK DIDUGA CAGAR BUDAYA,pdf_asli,deskriptif/halaman_informasi,https://disparbudpora.palangkaraya.go.id/wp-content/uploads/sites/39/2022/03/OBYEK-YANG-DIDUGA-CAGAR-BUDAYA.pdf,d:\Nurdin\Skripsi Sheila\knowledge\deskriptif/halaman_informasi\dokumen_asli_pdf\obyek_yang_diduga_cagar_budaya.pdf,raw_source_pdf
OBYEK DIDUGA CAGAR BUDAYA,pdf_asli,deskriptif/halaman_informasi,https://disparbudpora.palangkaraya.go.id/wp-content/uploads/sites/39/2022/03/OBYEK-YANG-DIDUGA-CAGAR-BUDAYA.pdf,d:\Nurdin\Skripsi Sheila\knowledge\deskriptif/halaman_informasi\dokumen_asli_pdf\obyek_yang_diduga_cagar_budaya.pdf,raw_source_pdf
DATA RESTORAN DAN RUMAH MAKAN DI KOTA PALANGKA RAYA,pdf_asli,tabular/direktori_restoran_dan_rumah_makan,https://disparbudpora.palangkaraya.go.id/wp-content/uploads/sites/39/2022/02/DATA-RESTORAN-DAN-RUMAH-MAKAN-DI-KOTA-PALANGKA-RAYA.pdf,d:\Nurdin\Skripsi Sheila\knowledge\tabular/direktori_restoran_dan_rumah_makan\dokumen_asli_pdf\data_restoran_dan_rumah_makan_di_kota_palangka_raya.pdf,raw_source_pdf
DATA RESTORAN DAN RUMAH MAKAN DI KOTA PALANGKA RAYA,pdf_ringkasan,tabular/direktori_restoran_dan_rumah_makan,https://disparbudpora.palangkaraya.go.id/download-2/data-restoran-dan-rumah-makan-di-kota-palangka-raya/,d:\Nurdin\Skripsi Sheila\knowledge\tabular/direktori_restoran_dan_rumah_makan\data_restoran_dan_rumah_makan_di_kota_palangka_raya.pdf,tabular_prefers_csv
DATA HOTEL DI KOTA PALANGKA RAYA,pdf_asli,tabular/direktori_hotel,https://disparbudpora.palangkaraya.go.id/wp-content/uploads/sites/39/2022/02/DATA-HOTEL-DI-KOTA-PALANGKA-RAYA.pdf,d:\Nurdin\Skripsi Sheila\knowledge\tabular/direktori_hotel\dokumen_asli_pdf\data_hotel_di_kota_palangka_raya.pdf,raw_source_pdf
DATA HOTEL DI KOTA PALANGKA RAYA,pdf_asli,tabular/direktori_hotel,https://disparbudpora.palangkaraya.go.id/wp-content/uploads/sites/39/2025/10/Data-Hotel-2024.pdf,d:\Nurdin\Skripsi Sheila\knowledge\tabular/direktori_hotel\dokumen_asli_pdf\data_hotel_2024.pdf,raw_source_pdf
DATA HOTEL DI KOTA PALANGKA RAYA,pdf_ringkasan,tabular/direktori_hotel,https://disparbudpora.palangkaraya.go.id/data-hotel-di-kota-palangka-raya/,d:\Nurdin\Skripsi Sheila\knowledge\tabular/direktori_hotel\data_hotel_di_kota_palangka_raya.pdf,tabular_prefers_csv
DATA DESTINASI WISATA DI KOTA PALANGKA RAYA,pdf_asli,tabular/data_destinasi_wisata,https://disparbudpora.palangkaraya.go.id/wp-content/uploads/sites/39/2022/02/DATA-DESTINASI-WISATA-DI-KOTA-PALANGKA-RAYA.pdf,d:\Nurdin\Skripsi Sheila\knowledge\tabular/data_destinasi_wisata\dokumen_asli_pdf\data_destinasi_wisata_di_kota_palangka_raya.pdf,raw_source_pdf
DATA DESTINASI WISATA DI KOTA PALANGKA RAYA,pdf_ringkasan,tabular/data_destinasi_wisata,https://disparbudpora.palangkaraya.go.id/download-2/data-destinasi-wisata-di-kota-palangka-raya/,d:\Nurdin\Skripsi Sheila\knowledge\tabular/data_destinasi_wisata\data_destinasi_wisata_di_kota_palangka_raya.pdf,tabular_prefers_csv
BUKU PANDUAN PARIWISATA TAHUN 2019,pdf_asli,deskriptif/referensi_dan_kebijakan,https://disparbudpora.palangkaraya.go.id/wp-content/uploads/sites/39/dlm_uploads/2021/02/BUKU-PANDUAN-PARIWISATA-TAHUN-2019.pdf,d:\Nurdin\Skripsi Sheila\knowledge\deskriptif/referensi_dan_kebijakan\dokumen_asli_pdf\buku_panduan_pariwisata_tahun_2019.pdf,raw_source_pdf
Aktivitas Wisata,pdf_ringkasan,tabular/lainnya,https://disparbudpora.palangkaraya.go.id/aktivitas-wisata/,d:\Nurdin\Skripsi Sheila\knowledge\tabular/lainnya\aktivitas_wisata.pdf,tabular_prefers_csv
SUMBER DAYA SKPD,csv,tabular/lainnya,https://disparbudpora.palangkaraya.go.id/sumber-daya-skpd/,d:\Nurdin\Skripsi Sheila\knowledge\tabular/lainnya\sumber_daya_skpd_table_01_01.csv,dokumen_administratif
SUMBER DAYA SKPD,csv,tabular/lainnya,https://disparbudpora.palangkaraya.go.id/sumber-daya-skpd/,d:\Nurdin\Skripsi Sheila\knowledge\tabular/lainnya\sumber_daya_skpd_table_02_01.csv,dokumen_administratif
SUMBER DAYA SKPD,pdf_ringkasan,tabular/lainnya,https://disparbudpora.palangkaraya.go.id/sumber-daya-skpd/,d:\Nurdin\Skripsi Sheila\knowledge\tabular/lainnya\sumber_daya_skpd.pdf,dokumen_administratif
Download (RIPPARDA) Kota Palangka Raya Tahun 2017-2028,pdf_asli,deskriptif/halaman_informasi,https://disparbudpora.palangkaraya.go.id/wp-content/uploads/sites/39/2022/02/Perda-Kota-Palangka-Raya-Nomor-11-Tahun-2017-Tentang-Rencana-Induk-pembangunan-Kepariwisataan-Kota-Palangka-Raya-Tahun-2017-2028.pdf,d:\Nurdin\Skripsi Sheila\knowledge\deskriptif/halaman_informasi\dokumen_asli_pdf\perda_kota_palangka_raya_nomor_11_tahun_2017_tentang_rencana_induk_pembangunan_kepariwisataan_kota_palangka_raya_tahun_2.pdf,raw_source_pdf
