0,1,2,3,4,5,6,7
NO,NAMA HOTE/PENGINAPAN,KLASIFIKASI HOTEL,JUMLAH KAMAR,JUMLAH T.TIDUR,ALAMAT,FASILITAS,CONTACT
1,SWISSBEL HOTEL,BINTANG 4,150,–,JL. TJILIK RIWUT KM.5,"WIFI,ATM, Restorant, Aula, Ruang Rapat, Kolam Renang",0536-3232777
2,AQUARIUS BOUTIQUE HOTEL,BINTANG 4,110,157,JL. IMAM BONJOL NO. 5,"Restorant, Aula, Ruang Rapat, Vino Club, Kolam Renang",0536-32422121
3,HOTEL LUWANSA,BINTANG 3,96,96,JL. G.OBOS,"Restorant, Aula Spa, Meeting Room, Busines center . Laundry",0563-3242828
4,HOTEL NEO,BINTANG 2,91,91,Jl Tjilik Riwut Km 1 No 1 P.Raya,"Restourant, Spa",0536-3239888
5,HOTEL DANDANG TINGANG,BINTANG 2,54,82,JL. YOS SUDARSO NO.1,"Restorant, Aula, Ruang Rapat, Kolam Renang",0536-3221805
6,AMARIS HOTEL,BINTANG 2,63,93,Jln. S.Parman No. 60 A P.Raya,"AC, Baytab,Mobil, Meja, Kursi, WIFI, TV,Shower",0536-3223888
7,HOTEL GRAND GLOBAL,BINTANG 2,51,102,Jln. Tjilik Riwut No. 11 P.Raya,"TV, AC, Mini Bar, Air Panas, Dingin, WIFI, Restorant, Laundry",0536-322888
8,HOTEL BATU SULI INTERNASIONAL,BINTANG 2,77,140,Jln. Raden Saleh No. 4 P.Raya,"TV, WIFI, Air Panas, Kolam Renang, Telepon,",0536-3244765
9,HOTEL FOVERE,BINTANG 2,76,116,Jln. G.Obos No 97 P.Raya,"Restorant ,Meeting Rom",0536-4211173
10,HOTEL NASCAR FAMILY,BINTANG 2,44,55,Jl Nyai Undang no. O4,"Ac, Air Panas, TV, shower, Mini Bar, Wifi",0536-4213022
11,HOTEL SAKURA,MELATI 3,35,58,Jln. A.Yani No. 87 P.Raya,"TV, Restoran, AC, WIFI, Telepon",0536-3222355/3226769
12,HOTEL MINA,MELATI 3,40,50,Jln. Nias No. 17 P.Raya,"AC, TV, Meja Kursi",0536-322182/3265642
13,HOTEL PUTIR SINTA,MELATI 3,64,–,Jln. Nias No. 15 P.Raya,TV,0536-3221132
14,HOTEL RACHMAN,MELATI 3,20,40,Jln. Dr. Murjani No.9 P.Raya,"AC, TV, Kipas Angin, Serapan",0536-3221428
15,HOTEL HALMAHERA,MELATI 3,49,74,Jln. Halmahera No. 55 P.Raya,"AC, TV, Laundry, Kamar Mandi",0536-3221993
16,RUNGAN SARI RESORT,MELATI,24,48,Jln. Tjilik Riwut Km.36 P.Raya,"WIFI, Cafe dan Restorant, Swiming Pool, Sport Fasilitas, Metting Room,",TELP. 0536-3333878/08115208801
17,HOTEL BANAMA TINGANG,MELATI,20,40,Jln. A.Yani No.37 P. Raya,"AC, TV, Musholla,",0536-3228054
18,HOTEL GLOBAL EXPRES,MELATI,26,52,Jln. A.Yani No. 51 P.Raya,"TV,AC,WIFI,Laundry",0536-3230999
19,HOTEL DIAN WISATA,MELATI,13,21,Jln. A.Yani No. 31 P.Raya,"AC, Kipas Angin, WIFI, Loundry",0536-3221241
20,HOTEL YANTI,MELATI,20,28,Jln. A.Yani No. 82 A,"AC, TV,",0536-3221634
21,HOTEL LAMPANG,MELATI,29,51,"Jln, Irian No. 2 P.Raya","TV, AC, Telepon, Air Panas/ Dinding, Serapan",0536-3220003/3220622
22,HOTEL MAHKOTA,MELATI,53,96,Jln. Nias No. 53 P.Raya,"AC, TV, WIFI, Air Panas/Dingin",0536-3221672/3222649
23,HOTEL PAYANG,MELATI,10,13,Jln. Nias No. 6 P.Raya,"AC, TV, Kipas Angin",0536-3224993
24,HOTEL PANARUNG,MELATI,12,17,Jln. Dr.Murjani No. 53 P.Raya,"Air Panas, TV Plat, AC, Kipas Angin, Kamar Mandi dalam",0536-3223888
25,HOTEL SERASI,MELATI,25,25,Jln. Dr.Murjani No. 54 P.Raya,"WIFI, TV, Kipas Angin ,AC",0536-3223682
26,HOTEL SURYA KAHAYAN,MELATI,20,33,Jln. Diponegoro No. 35 P.Raya,"AC, WIFI, Laundry, Restorant, Aula, Ruang Rapat, Mini market",0536-3227822
27,HOTEL FONY,MELATI,34,56,Jln.KS.Tubun No. 28 A P.Raya,"AC,TV,Restorant",0536-3222754/3222753
28,EDOTEL HOTEL KARTINI SMK NEGERI 3,MELATI,16,16,"Jln. Dr,Wahidin Sudirohusodo","AC, Dispenser, TV, Mini Bar, Baytab, Swower,",–
29,ARTZ HOTEL,MELATI,12,12,Jln. Seth Adji No.31 P.Raya,"AC,TV,WIFI, Hot Shower",0536-4215487
30,HOTEL MELATI,MELATI,30,55,Jln.Nias No. 15 P.Raya,"AC,TV,Kipas Angin, Kulkas",–
31,HOTEL GRAND SAKURA,MELATI,35,50,"Jln.RTA.Milono No. 107 Km 3,5","Restorant, Aula, Ruang Rapat, Kolam Renang.",0816709612
32,HOTEL AVICENNA,MELATI,34,62,Jln.Merak No. 1 P.Raya,"Meeting Room, TV, WIFI",0536-3222557
33,CITY INN HOTEL,MELATI,43,48,Jln. Antang No. 9 P.Raya,–,0536-3237755
34,HOTEL ROYAL GLOBAL,MELATI,65,113,"Jln. Tjilik Riwut Km 2,5 P.Raya","Restorant, Aula, Ruang Rapat, Laundry, WIFI, TV.AC, Srapan",0536-3238822
35,HOTEL TRIANA,MELATI,30,30,Jln. Rajawali No. 12 P.Raya,"Karaoke, Aula, Kantin, Laundry",0536-3221634
36,HOTEL MELATI WISATA,MELATI,34,48,Jln. RTA. Milono No. 12 A P.Raya,"AC, TV, Kipas Angin, Air, Panas Dingin",0536-3224176
37,HOTEL SAHID TAMARA,MELATI,38,76,"Jln. RTA.Milono Km 3,5 P.Raya","AC, TV, Kipas Angin, Serapan",0536-3235501
38,HOTEL MARIMAR,MELATI,30,55,"Jln.. Tjilik Riwut Km 2,5 No.243","Ruang Rapat, AC, TV, Air Panas Dingin, WIFI, Serapan",0536-3234897
39,HOTEL BINTANG,MELATI,12,12,"Jln. Tjilik Riwut Km 13,5 P.Raya","AC, TV,",0536-3221053
40,HOTEL HAWAI,MELATI,65,100,Jln. Tjilik Riwut/ Jln Bubut No 03 Km 04 P.Raya,"AC, WIFI, Aula, Serapan",0536-3222835/3224922
41,HOTEL DUTA NANSARUNAI,MELATI,30,30,"Jln. Tjilik Riwut Km. 5,5","AC, TV, Lemari",0536-3231427
42,HOTEL RATAMA,MELATI,26,36,Jln. Tjilik Riwut Km 4 P.Raya,–,0536-4200397
43,HOTEL ANISA DINA,MELATI,35,35,Jln. A.Yani No. 99 P.Raya,–,0536-3234906
44,HOTEL PUTRA MANTYA,MELATI,10,10,Jln. Sulawesi No. 8A P.Raya,–,081349235899
45,HOTEL AMAN,MELATI,21,22,Jln. Galaxsi II No. 9 P.Raya,–,0536-3227258
46,HOTEL BATU SULI,MELATI,64,110,Jln. Raden Saleh No. 1 P.Raya,"Ruang Rapat, Restoran, laundry",0536-3238369
47,HOTEL FAIRUS,MELATI,20,21,Jln. Damang Leman No.9 P.Raya,"Ruang Rapat, Restorant, Aula",0536-3222147
48,HOTEL ANDO RAYA,MELATI,38,51,Jln.Yosudarso,"Restorant, Ruang Rapat, Kolam Renang",082255930707
49,PENGINAPAN ECO VILAGE,MELATI,,,Jln.Cilik Riwut Km 36 P.Raya,–,0536-3317777
50,PENGINAPAN BENUA LIMA RAYA,MELATI,10,10,Jln. Tjilik Riwut,"Kipas Angin, TV, AC, lemari",0536 3275709
51,PENGINAPAN BRAVO,MELATI,12,12,Jln.Tjilik Riwut Km 12 P.Raya,"TV,AC,Kulkas,Lemari",082157935990
52,HOTEL ADIDAS,MELATI,26,26,Jln. A.yani,–,0536-3221770/3221771
53,HOTEL BARITO SWEET SHINTA,MELATI,22,40,"Jln. RTA Milono Km. 4,5","Ruang Rapat, Restorant, Kolam Renang, Laundry",0536-3226800
54,HOTEL BINTANG HARAPAN,MELATI,–,–,Jln. A.Yani/ Flamboyan bawah,–,–
55,HOTEL NIRWANA,MELATI,14,14,Jln. RTA Milono,–,–
56,HOTEL PELNGI,MELATI,31,31,Jln. Adonis Samad No. 1,–,0536-22719
57,HOTEL PALANGKA,MELATI,60,60,Jln. G.Obos,–,–
58,HOTEL CEMPAKA KUIN,MELATI,12,–,Jln. Bali No. 11,–,0536-3221891
59,HOTEL NYAI RINDANG,MELATI,11,11,Jln. Tjilik Riwut Km. 11,–,0536-3309867
60,LOSMEN PAYANG,LOSMEN,18,18,Jln. Jawa No. 063 P.Raya,–,0536-3221424
61,LOSMEN CANTIK,LOSMEN,32,39,Jln. Halmahera No. 22 P.Raya,"AC, TV, WIFI dan Londry",0536-3222399
62,LOSMEN KARAKATAU,LOSMEN,–,–,Jln.Karakatur No.16 P.Raya,Laundry,–
63,WANGGA BELA HOME STAY,HOME STAY,6,6,Jln.Rajawali IIB P.Raya,"AC, TV,WIFI",–
64,WISMA MALAWEN,WISMA,23,23,Jln.Bukit Raya XVI P.Raya,"AC, TV,WIFI",–
65,WISMA WAGGA WAGGA,WISMA,–,–,Jln.Batu Suli No. 24,–,–
66,WISMA TULIP GUEST HOUSE,WISMA,–,–,Jln. Menteng IV,"Ruang Rapat,",0822-5171-0555
67,WISMA EKA SINTA,WISMA,8,8,Jln. Set Adji No 128,"TV, AC,Kipas Angin",–
68,WISMA WAGGA WAGGA,WISMA,11,16,Jln. Set Adji No,"TV, Lemari, AC,WIFI",–
69,WISMA GRAHA KANATA,WISMA,15,16,Jln.Nyai Udang,"AC, TV, WIFI, Air Panas,",–
70,WISMA EVANIA,WISMA,15,15,Jln.Tambun Raya No. 7 P.Raya,"AC,TV,WIFI",–
71,WISMA CEMPAKA,WISMA,8,8,Jln.Temanggung Tandang No.60.,"TV, Kipas Angin, AC",–
72,GRAND PATRIA,WISMA,13,13,Jln.Moris Ismail,"AC, TV,WIFI",–
73,WISMA INTAN,WISMA,8,8,Jln.Tambun Raya,"AC, TV,WIFI",–
74,RUMAH AMANDA,GUEST HOUSE,24,24,Jln.Beruk Anggis No.22,"TV,Lemari,AC,Kulkas, Meja Kerja, WIFI, Air Mandi Panas,",0536 3247632
75,HOTEL KALIMANTAN MEETING CENTER,–,–,–,Jln. Tjilik Riwut Km 36 P.Raya,"Ruang Rapat, Restorant, Kolam Renang, Laundry",0536-3333878/08115208801
76,HOTEL GREEN HOUSE ASRI,–,10,10,Jln. Mahir Mahar,–,–
,,JUMLAH,2383,3034,,,
,,,,,,,
,,,,,,,
,JUMLAH HOTEL :,76,,,,,
,JUMLAH KAMAR :,2383,,,,,
,JUMLAH TEMPAT TIDUR :,3034,,,,,
